{"acc":{"0":0.2680541103,"1":0.2784599376,"2":0.2813735692,"3":0.3136316337,"4":0.3852237253,"5":0.5073881374,"6":0.6898369754,"7":0.8002081166,"8":0.8703433923,"9":0.9158515435,"10":0.9413111342,"11":0.9524800555,"12":0.9721123829,"13":0.9705168228,"14":0.9724592438,"15":0.9772459244,"16":0.981685744,"17":0.9766909469,"18":0.9852237253,"19":0.9879986126,"20":0.980159556,"21":0.9811307666,"22":0.9932015262,"23":0.9784946237,"24":0.9925771766,"25":0.9898716615,"26":0.9915365938,"27":0.9845993757,"28":0.9878598682,"29":0.9945889698,"30":0.986264308,"31":0.9913978495,"32":0.990079778,"33":0.9936871315,"34":0.9902185224,"35":0.9899410336,"36":0.9953520638,"37":0.9857093306,"38":0.9954908082,"39":0.9943808533,"40":0.9913978495,"41":0.9959764135,"42":0.9926465487,"43":0.9926465487,"44":0.9964620187,"45":0.9911203607,"46":0.9932708984,"47":0.9959764135,"48":0.9966007631,"49":0.9972944849,"50":0.9966701353,"51":0.9933402706,"52":0.9897329171,"53":0.9955601804,"54":0.9920221991,"55":0.9973638571,"56":0.9960457856,"57":0.9942421089,"58":0.9961151578,"59":0.9962539022,"60":0.9956989247,"61":0.9986125564,"62":0.9983350676,"63":0.9941033646,"64":0.9947277142,"65":0.9965313909,"66":0.9968088796,"67":0.9971557405,"68":0.9995143947,"69":0.9919528269,"70":0.9988900451,"71":0.9955601804,"72":0.9941727367,"73":0.9991675338,"74":0.9979882067,"75":0.9953520638,"76":0.9959764135,"77":0.9978494624,"78":0.9999306278,"79":0.9963232744,"80":0.9974332293,"81":0.9974332293,"82":0.9936177593,"83":0.9993062782,"84":1.0,"85":0.9970863684,"86":0.9973638571,"87":0.9998612556,"88":1.0,"89":1.0,"90":1.0,"91":1.0,"92":0.9864724246,"93":0.9979882067,"94":0.9985431842,"95":0.9970863684,"96":0.9990981616,"97":0.9991675338,"98":0.9989594173,"99":0.9927852931},"loss":{"0":1.7124708837,"1":1.4884412188,"2":1.4339076079,"3":1.3922869677,"4":1.3001333764,"5":1.0947063776,"6":0.748227907,"7":0.493413128,"8":0.3353932479,"9":0.2214937695,"10":0.1573293686,"11":0.1329016549,"12":0.079138848,"13":0.0836368242,"14":0.0778025345,"15":0.0640148112,"16":0.0479519454,"17":0.0652090579,"18":0.043270194,"19":0.0332184824,"20":0.0542645814,"21":0.0563027235,"22":0.0206493947,"23":0.0634082355,"24":0.0200700581,"25":0.0278663743,"26":0.0265217487,"27":0.0440440211,"28":0.0348504111,"29":0.0160867378,"30":0.0454847988,"31":0.0262151225,"32":0.0311391679,"33":0.0194349679,"34":0.0286787694,"35":0.0290575226,"36":0.0141992568,"37":0.0446653588,"38":0.0112370117,"39":0.016928407,"40":0.0263747082,"41":0.0128188899,"42":0.0203883458,"43":0.0243383836,"44":0.0097824224,"45":0.0274407326,"46":0.019127609,"47":0.0129228822,"48":0.0126471127,"49":0.0097353686,"50":0.0099840196,"51":0.0219019287,"52":0.0278157476,"53":0.014053916,"54":0.0235040302,"55":0.0092084275,"56":0.0130094849,"57":0.0188270896,"58":0.0118147652,"59":0.0126167865,"60":0.0168646895,"61":0.004274749,"62":0.0052095582,"63":0.0175002591,"64":0.0177251135,"65":0.0114958573,"66":0.0102000876,"67":0.0094378068,"68":0.0018025659,"69":0.0240177741,"70":0.0038303779,"71":0.0124756211,"72":0.0167607112,"73":0.0035887108,"74":0.0071558407,"75":0.0121294994,"76":0.011884871,"77":0.0079527087,"78":0.0005270444,"79":0.0147413574,"80":0.0079077675,"81":0.009585717,"82":0.0212301525,"83":0.0029543117,"84":0.000441677,"85":0.0102182915,"86":0.0090524233,"87":0.000579486,"88":0.0002588208,"89":0.000187588,"90":0.0000973452,"91":0.0000756544,"92":0.0453079214,"93":0.0061070915,"94":0.0046884549,"95":0.0107134285,"96":0.0023543321,"97":0.0039685556,"98":0.0031942761,"99":0.022297561},"val_acc":{"0":0.2563817981,"1":0.2536071032,"2":0.2536071032,"3":0.3043840178,"4":0.2974472808,"5":0.3576581576,"6":0.3862375139,"7":0.5122086571,"8":0.5887902331,"9":0.5749167592,"10":0.7552719202,"11":0.5993340733,"12":0.7885682575,"13":0.8615427303,"14":0.8756936737,"15":0.8393451722,"16":0.8085460599,"17":0.8471143176,"18":0.8315760265,"19":0.8476692564,"20":0.8135405104,"21":0.8485016649,"22":0.9289678135,"23":0.9125971144,"24":0.8837402886,"25":0.9536625972,"26":0.5665926749,"27":0.9300776913,"28":0.8540510545,"29":0.8817980024,"30":0.8487791344,"31":0.9217536072,"32":0.9092674806,"33":0.9747502774,"34":0.9805771365,"35":0.8668146505,"36":0.8540510545,"37":0.9636514985,"38":0.9786348502,"39":0.822419534,"40":0.980299667,"41":0.8718091011,"42":0.7810765816,"43":0.9470033295,"44":0.8412874584,"45":0.8892896783,"46":0.9667036626,"47":0.9478357382,"48":0.9841842397,"49":0.9211986683,"50":0.9159267479,"51":0.8684794674,"52":0.8801331852,"53":0.9284128745,"54":0.980299667,"55":0.9267480576,"56":0.9309100998,"57":0.8726415094,"58":0.9461709213,"59":0.9495005549,"60":0.8060488347,"61":0.9861265261,"62":0.8762486125,"63":0.8249167592,"64":0.6434517202,"65":0.9692008879,"66":0.9683684794,"67":0.9625416204,"68":0.9664261931,"69":0.8779134296,"70":0.9947280799,"71":0.980299667,"72":0.9714206437,"73":0.9855715871,"74":0.9403440621,"75":0.8607103218,"76":0.9150943395,"77":0.9639289677,"78":0.9847391787,"79":0.9827968923,"80":0.954772475,"81":0.9714206437,"82":0.9328523861,"83":0.9855715871,"84":0.9922308546,"85":0.8829078801,"86":0.9952830189,"87":0.9958379578,"88":0.9933407325,"89":0.9908435072,"90":0.993063263,"91":0.9786348501,"92":0.9339622642,"93":0.9636514983,"94":0.980854606,"95":0.8712541622,"96":0.9897336293,"97":0.967536071,"98":0.993618202,"99":0.8945615984},"val_loss":{"0":1.3987442918,"1":1.398450386,"2":1.3923722127,"3":1.3660826089,"4":1.3996131907,"5":1.4203630307,"6":4.0330613244,"7":1.4926831988,"8":1.4336979821,"9":1.3788467036,"10":0.974009586,"11":1.7148295851,"12":0.8708780276,"13":0.4657573637,"14":0.4794230851,"15":0.6789282234,"16":0.82124531,"17":0.5279011183,"18":0.6028348751,"19":0.5903896807,"20":0.6194113731,"21":0.5864172077,"22":0.2661111077,"23":0.3069766875,"24":0.3902486846,"25":0.1456509197,"26":3.5329103766,"27":0.2399863036,"28":0.582811574,"29":0.398056812,"30":0.7859647003,"31":0.2454648198,"32":0.2639164044,"33":0.0801036264,"34":0.0499443459,"35":0.5119712807,"36":0.6324698752,"37":0.1103264641,"38":0.0722084137,"39":0.7544791153,"40":0.0607211076,"41":0.5406582858,"42":0.844160022,"43":0.169452054,"44":0.7528247225,"45":0.3426004254,"46":0.1089601826,"47":0.1788423581,"48":0.0510440496,"49":0.2776658404,"50":0.3981844261,"51":0.6078160472,"52":0.4476169472,"53":0.2318492823,"54":0.0630849341,"55":0.2727751322,"56":0.2665799825,"57":0.5824024304,"58":0.1701914884,"59":0.1754784095,"60":0.7867568542,"61":0.0417636194,"62":0.5918465398,"63":0.7411887078,"64":2.3030096226,"65":0.1079540202,"66":0.1101249563,"67":0.1307235681,"68":0.1248964967,"69":0.536722342,"70":0.0155911649,"71":0.0691264667,"72":0.0833647518,"73":0.0493686626,"74":0.2460603445,"75":0.6842958538,"76":0.3640537786,"77":0.1280346546,"78":0.057727139,"79":0.0568915254,"80":0.1859897988,"81":0.0951434878,"82":0.2576433361,"83":0.0481980815,"84":0.0294289007,"85":0.5040089868,"86":0.0154599138,"87":0.0134501096,"88":0.0184617083,"89":0.028038802,"90":0.0225114419,"91":0.0820418859,"92":0.2169280798,"93":0.1384180181,"94":0.0659936893,"95":0.6043632614,"96":0.0315917681,"97":0.1346853476,"98":0.0179721165,"99":0.5327320766}}