{"acc":{"0":0.323274367,"1":0.3939646203,"2":0.4550815122,"3":0.4953867499,"4":0.5563648978,"5":0.6191467223,"6":0.6683315989,"7":0.720291363,"8":0.7581685746,"9":0.7883454734,"10":0.8190079779,"11":0.8436351022,"12":0.8620881027,"13":0.8841484564,"14":0.8981616373,"15":0.9053763441,"16":0.9206382241,"17":0.9261186266,"18":0.9352063823,"19":0.9460978147,"20":0.9523413112,"21":0.9508844954,"22":0.9594172737,"23":0.9635102325,"24":0.9673257024,"25":0.9689906346,"26":0.9710718002,"27":0.972528616,"28":0.9758584809,"29":0.9762747138,"30":0.9777315297,"31":0.9780783906,"32":0.9782171349,"33":0.9818244883,"34":0.9827263266,"35":0.9832119319,"36":0.9849462364,"37":0.9866111689,"38":0.9868192854,"39":0.987443635,"40":0.9880679847,"41":0.985501214,"42":0.9857093305,"43":0.9886923343,"44":0.9893860562,"45":0.9895941727,"46":0.9907041278,"47":0.9899410336,"48":0.9895248005,"49":0.9896635448,"50":0.9902878946,"51":0.99236906,"52":0.9919528269,"53":0.9898716613,"54":0.9909816163,"55":0.9881373569,"56":0.9911897328,"57":0.9913284773,"58":0.9930627818,"59":0.9955601803,"60":0.9942421089,"61":0.9918140826,"62":0.9919528269,"63":0.9935483871,"64":0.9929934096,"65":0.9932015261,"66":0.9958376691,"67":0.9939646202,"68":0.9939646202,"69":0.9921609435,"70":0.992022199,"71":0.9936177593,"72":0.9937565036,"73":0.9932708983,"74":0.9936871315,"75":0.9954908082,"76":0.9958376691,"77":0.9938258758,"78":0.9934790149,"79":0.9936177592,"80":0.9947277142,"81":0.9941033645,"82":0.9947970864,"83":0.9948664585,"84":0.994658342,"85":0.9956989247,"86":0.9952826916,"87":0.9960457856,"88":0.9959070413,"89":0.9963232744,"90":0.995421436,"91":0.9957682971,"92":0.9952826916,"93":0.9956989247,"94":0.9963232743,"95":0.9970863683,"96":0.9965313909,"97":0.9970863683,"98":0.9961845299,"99":0.9954908081},"loss":{"0":1.546175237,"1":1.3487806987,"2":1.2294167013,"3":1.1382785363,"4":1.0178889646,"5":0.9091611886,"6":0.8017239519,"7":0.696984055,"8":0.6075141021,"9":0.5351478573,"10":0.465959527,"11":0.4118569508,"12":0.3666966321,"13":0.3174200521,"14":0.2804639158,"15":0.2602227381,"16":0.2236073305,"17":0.2066971523,"18":0.1873847539,"19":0.1620229126,"20":0.1450755139,"21":0.1381813633,"22":0.1265701329,"23":0.1125015388,"24":0.0998524231,"25":0.0965569538,"26":0.0885749257,"27":0.0876982829,"28":0.0762520955,"29":0.0741891966,"30":0.0700442784,"31":0.0666351166,"32":0.0653642036,"33":0.0559824245,"34":0.0538177458,"35":0.0511332935,"36":0.0466001105,"37":0.0425171188,"38":0.0422883549,"39":0.0419146149,"40":0.0383085867,"41":0.0433362738,"42":0.0421121415,"43":0.0340493259,"44":0.0337995571,"45":0.0322334554,"46":0.0301601991,"47":0.0303004147,"48":0.0310915592,"49":0.0316169303,"50":0.0314146701,"51":0.0277181177,"52":0.0260797167,"53":0.0291074295,"54":0.0268415641,"55":0.0346220282,"56":0.0264162529,"57":0.0258985412,"58":0.0216102337,"59":0.0167593539,"60":0.0183732157,"61":0.024340697,"62":0.0230470888,"63":0.0209110313,"64":0.0213482584,"65":0.020294754,"66":0.01444361,"67":0.0175231662,"68":0.0189145788,"69":0.0229333973,"70":0.0217006607,"71":0.018541421,"72":0.017579259,"73":0.0196245956,"74":0.0189519921,"75":0.0157520679,"76":0.0120199345,"77":0.0170466709,"78":0.0186271818,"79":0.0182569026,"80":0.0155838461,"81":0.0155092881,"82":0.0160986703,"83":0.0156256347,"84":0.014670078,"85":0.0138480038,"86":0.0143459278,"87":0.0132047417,"88":0.0131057371,"89":0.0129045453,"90":0.012506316,"91":0.0122333224,"92":0.0152583534,"93":0.0145174101,"94":0.0115367576,"95":0.0104830561,"96":0.0114449731,"97":0.0097884312,"98":0.0116722395,"99":0.0132060385},"val_acc":{"0":0.3471143175,"1":0.4003884572,"2":0.2863485016,"3":0.2796892342,"4":0.3279689235,"5":0.3568257492,"6":0.3487791343,"7":0.2763596004,"8":0.3193673696,"9":0.4364594895,"10":0.429245283,"11":0.4697558268,"12":0.4076026636,"13":0.5493895671,"14":0.5635405105,"15":0.5582685904,"16":0.4683684794,"17":0.6109877913,"18":0.6054384018,"19":0.4913984462,"20":0.6428967814,"21":0.6326304107,"22":0.7183684795,"23":0.5640954495,"24":0.5715871254,"25":0.6365149834,"26":0.5443951165,"27":0.5477247503,"28":0.6423418423,"29":0.5518867925,"30":0.7347391787,"31":0.6367924527,"32":0.6861820198,"33":0.7491675916,"34":0.7588790234,"35":0.7142064372,"36":0.7746947836,"37":0.8435072143,"38":0.7538845727,"39":0.8174250834,"40":0.8562708101,"41":0.7774694784,"42":0.7619311875,"43":0.8623751386,"44":0.8804106547,"45":0.7400110988,"46":0.9231409544,"47":0.8903995559,"48":0.7536071032,"49":0.8487791344,"50":0.7691453941,"51":0.8731964485,"52":0.7824639291,"53":0.9200887902,"54":0.854328524,"55":0.8784683686,"56":0.8776359602,"57":0.8496115426,"58":0.8926193119,"59":0.8748612651,"60":0.9170366259,"61":0.8429522754,"62":0.8318534962,"63":0.7314095449,"64":0.8967813539,"65":0.8934517202,"66":0.6539955604,"67":0.9214761378,"68":0.8590455051,"69":0.8232519424,"70":0.9264705881,"71":0.8670921197,"72":0.8942841286,"73":0.8382352942,"74":0.9056603772,"75":0.9164816869,"76":0.9411764705,"77":0.9059378468,"78":0.9372918979,"79":0.8135405106,"80":0.8937291897,"81":0.8046614873,"82":0.9112097669,"83":0.7408435072,"84":0.8887347393,"85":0.9131520531,"86":0.8917869033,"87":0.961154273,"88":0.9006659267,"89":0.8049389568,"90":0.9350721419,"91":0.8734739178,"92":0.9539400666,"93":0.9539400666,"94":0.8668146503,"95":0.9533851276,"96":0.9594894562,"97":0.9367369588,"98":0.9397891231,"99":0.8537735848},"val_loss":{"0":1.3723160009,"1":1.2847565464,"2":1.7326952769,"3":1.9761545252,"4":2.0855593488,"5":2.0557091771,"6":2.4367139167,"7":3.489595568,"8":3.0107348931,"9":2.2552609841,"10":2.2979434894,"11":1.968869702,"12":2.5697562607,"13":1.4648091412,"14":1.5094174802,"15":1.5548419452,"16":2.4598129857,"17":1.2360352779,"18":1.3289566231,"19":2.4618811195,"20":1.258360455,"21":1.3213685952,"22":0.8416945298,"23":1.8613972029,"24":2.0433733593,"25":1.4048547709,"26":2.4702233308,"27":2.4251409905,"28":1.4586132973,"29":2.3777387518,"30":0.8885269397,"31":1.5984163098,"32":1.3869260468,"33":0.9086162952,"34":0.8299307319,"35":1.1177394602,"36":0.7943654542,"37":0.4343894515,"38":0.9028780997,"39":0.6214708277,"40":0.4253705401,"41":0.7739729918,"42":0.9222048334,"43":0.4167983524,"44":0.3519001925,"45":1.1690640031,"46":0.2264842225,"47":0.3253416083,"48":1.0327814065,"49":0.5018531581,"50":0.9164631805,"51":0.393709189,"52":0.9282571264,"53":0.2304392739,"54":0.4830539981,"55":0.3743861605,"56":0.3998019074,"57":0.5402028236,"58":0.3390654755,"59":0.4320445356,"60":0.2651377971,"61":0.5674016611,"62":0.6200065281,"63":1.1092678596,"64":0.3293570683,"65":0.3714168032,"66":1.7436779921,"67":0.2534346133,"68":0.5169993142,"69":0.6517000566,"70":0.2339576857,"71":0.4548915654,"72":0.3675181604,"73":0.5778948547,"74":0.3194638875,"75":0.2676492138,"76":0.1804762926,"77":0.2919632189,"78":0.1962814119,"79":0.7456610289,"80":0.4119136475,"81":0.7317303038,"82":0.3279217081,"83":1.3113308162,"84":0.4013408549,"85":0.2812093643,"86":0.3890160775,"87":0.1226453319,"88":0.3731560622,"89":0.8247987406,"90":0.2110239509,"91":0.5130781262,"92":0.1331371449,"93":0.159366105,"94":0.5401772675,"95":0.1474748929,"96":0.1262072651,"97":0.2062666693,"98":0.18737252,"99":0.5594792726}}