{"acc":{"0":0.2686090878,"1":0.2813735692,"2":0.3371488033,"3":0.4457162678,"4":0.6556364898,"5":0.7874436351,"6":0.8611862643,"7":0.9060700659,"8":0.9378425252,"9":0.95421436,"10":0.9673257024,"11":0.9697537288,"12":0.9765522026,"13":0.9815469997,"14":0.9764134582,"15":0.9828650711,"16":0.9831425598,"17":0.9845993757,"18":0.9897329171,"19":0.9883454735,"20":0.98473812,"21":0.9879292404,"22":0.9916753382,"23":0.9859174471,"24":0.990842872,"25":0.9829344433,"26":0.9889698231,"27":0.9937565037,"28":0.990079778,"29":0.9927852931,"30":0.9938258758,"31":0.9927159209,"32":0.9919528269,"33":0.9920221991,"34":0.9934096427,"35":0.9940339924,"36":0.9996531391,"37":0.9948664586,"38":0.9796739507,"39":0.9960457856,"40":0.9952826916,"41":0.9956295526,"42":0.9927159209,"43":0.9958376691,"44":0.9934790149,"45":0.9972944849,"46":0.9904960111,"47":0.9984044398,"48":0.996947624,"49":0.9941033646,"50":0.9951439473,"51":0.9934790149,"52":0.995421436,"53":0.9950745751,"54":0.9962539022,"55":0.9950052029,"56":0.996947624,"57":0.9966007631,"58":0.9879986126,"59":0.9993062782,"60":0.9991675338,"61":0.9993062782,"62":0.9971557405,"63":0.9964620187,"64":0.9959070413,"65":0.9963232744,"66":0.9965313909,"67":0.9967395075,"68":0.9982656955,"69":0.9990981616,"70":0.9988206729,"71":0.993895248,"72":0.9975719736,"73":0.9947277142,"74":0.9993756504,"75":0.9990981616,"76":0.9982656955,"77":0.9944502255,"78":0.9993062782,"79":0.9990287895,"80":0.9956295526,"81":0.9948664586,"82":0.9984044398,"83":0.9970863684,"84":0.9927852931,"85":0.9993756504,"86":0.9990981616,"87":0.99618453,"88":0.9986819285,"89":1.0,"90":0.9998612556,"91":0.9971557405,"92":0.9970863684,"93":0.9988900451,"94":0.9991675338,"95":0.9959070413,"96":0.9971557405,"97":0.9972251127,"98":0.9980575789,"99":0.9997918835},"loss":{"0":1.5951270888,"1":1.5086921154,"2":1.4188930259,"3":1.222880229,"4":0.818500208,"5":0.5295894233,"6":0.3576812294,"7":0.2486274902,"8":0.1698298923,"9":0.1302468026,"10":0.0955573248,"11":0.0901704137,"12":0.0671680522,"13":0.0566600033,"14":0.06764761,"15":0.05001006,"16":0.0500542385,"17":0.044022847,"18":0.0321462687,"19":0.0345228153,"20":0.0466791609,"21":0.0361773487,"22":0.0255810544,"23":0.0424383581,"24":0.0297973307,"25":0.0521084457,"26":0.0302381236,"27":0.0207213788,"28":0.0325799312,"29":0.0237503205,"30":0.0194990505,"31":0.0232292645,"32":0.028076924,"33":0.0242548811,"34":0.0196890669,"35":0.0176124917,"36":0.0023875828,"37":0.0180695817,"38":0.0635483961,"39":0.0101100449,"40":0.0145918926,"41":0.0146541064,"42":0.0225672024,"43":0.0130319903,"44":0.0196692371,"45":0.0097157979,"46":0.0305044759,"47":0.0062205212,"48":0.0096613121,"49":0.0184715645,"50":0.0144983255,"51":0.0202725867,"52":0.0135553923,"53":0.0167226503,"54":0.0125007356,"55":0.0144649509,"56":0.0087064701,"57":0.0121187474,"58":0.0420125598,"59":0.0028089446,"60":0.0034414178,"61":0.0026047161,"62":0.0078203874,"63":0.0114159625,"64":0.0129377624,"65":0.0132344747,"66":0.011891282,"67":0.0105123792,"68":0.0052476987,"69":0.0050387569,"70":0.0055723652,"71":0.0172661011,"72":0.0106464055,"73":0.0177808653,"74":0.0025714629,"75":0.0035463276,"76":0.005265365,"77":0.0189501534,"78":0.0023996728,"79":0.0036671968,"80":0.0135515243,"81":0.0166316464,"82":0.0052261801,"83":0.0096292021,"84":0.0249517044,"85":0.0026310694,"86":0.0044833652,"87":0.0127651244,"88":0.0049912916,"89":0.000505151,"90":0.0009925929,"91":0.0093917211,"92":0.0089813497,"93":0.0033208527,"94":0.0025243073,"95":0.0112226002,"96":0.0097075084,"97":0.0092948809,"98":0.0055442372,"99":0.0009302013},"val_acc":{"0":0.2674805772,"1":0.3032741399,"2":0.2355715871,"3":0.3177025527,"4":0.5541065483,"5":0.6970033296,"6":0.8102108767,"7":0.751109878,"8":0.8682019976,"9":0.7666481688,"10":0.7261376248,"11":0.850443951,"12":0.9139844616,"13":0.8751387349,"14":0.81381798,"15":0.725582686,"16":0.9472807992,"17":0.9569922309,"18":0.9481132075,"19":0.8054938955,"20":0.9187014427,"21":0.9728079911,"22":0.8809655939,"23":0.9827968923,"24":0.9772475027,"25":0.9528301886,"26":0.9927857936,"27":0.9858490566,"28":0.9733629301,"29":0.8806881243,"30":0.9614317424,"31":0.9908435072,"32":0.9431187568,"33":0.9064927859,"34":0.8387902331,"35":0.9975027747,"36":0.9977802442,"37":0.9006659267,"38":0.9869589345,"39":0.9703107658,"40":0.9805771364,"41":0.9517203107,"42":0.9889012209,"43":0.929245283,"44":0.9800221975,"45":0.9628190899,"46":0.9597669256,"47":0.9880688124,"48":0.9594894561,"49":0.9334073251,"50":0.993618202,"51":0.9117647058,"52":0.9883462819,"53":0.9980577137,"54":0.3440621531,"55":0.9955604883,"56":0.9830743618,"57":0.987236404,"58":0.9913984461,"59":0.9986126526,"60":0.9988901221,"61":0.9669811321,"62":0.9938956715,"63":0.8759711433,"64":0.8848501663,"65":0.9381243063,"66":0.9938956715,"67":0.9975027747,"68":0.9864039955,"69":0.9525527191,"70":0.999445061,"71":0.9947280799,"72":0.9692008879,"73":0.9975027747,"74":0.9944506104,"75":0.9944506104,"76":0.9436736958,"77":0.953107658,"78":0.9750277469,"79":0.9375693673,"80":0.9952830189,"81":0.9655937847,"82":0.9422863484,"83":0.9880688124,"84":0.9972253052,"85":0.9983351831,"86":0.9966703663,"87":0.9775249723,"88":0.9988901221,"89":0.999445061,"90":0.999445061,"91":0.5058268591,"92":0.9988901221,"93":0.9977802442,"94":0.9980577137,"95":0.9433962263,"96":0.9722530521,"97":0.9414539399,"98":0.9986126526,"99":0.9988901221},"val_loss":{"0":1.3843702811,"1":1.3673451799,"2":1.5453451905,"3":1.3962323521,"4":1.193748838,"5":0.8959988321,"6":0.5199791218,"7":0.7605283543,"8":0.3896088151,"9":0.7331934643,"10":1.1145323343,"11":0.5396750094,"12":0.2572281006,"13":0.4643048475,"14":0.7198499422,"15":1.1009233556,"16":0.1580200884,"17":0.1674086143,"18":0.1591253206,"19":0.7035830988,"20":0.28614947,"21":0.0779994166,"22":0.6630812266,"23":0.0539472286,"24":0.0652351893,"25":0.1572731175,"26":0.0215529243,"27":0.042542388,"28":0.0964696086,"29":0.4302474487,"30":0.1364399318,"31":0.0259002533,"32":0.1739161296,"33":0.3427118428,"34":0.7471646317,"35":0.0058890891,"36":0.0047586771,"37":0.4203920734,"38":0.0395587083,"39":0.0801369216,"40":0.0552638778,"41":0.1607753049,"42":0.0305295392,"43":0.2904011902,"44":0.0641968235,"45":0.1211358637,"46":0.1195784411,"47":0.0355305178,"48":0.1617600161,"49":0.2334586101,"50":0.0215582433,"51":0.2851633315,"52":0.0307083805,"53":0.0068113125,"54":6.5729187988,"55":0.0132731053,"56":0.0504131031,"57":0.0386037479,"58":0.0250466194,"59":0.0052443499,"60":0.003242565,"61":0.113681987,"62":0.0187164303,"63":0.5675602391,"64":0.5847676515,"65":0.2953355308,"66":0.0170059908,"67":0.0088506676,"68":0.0397182827,"69":0.174340399,"70":0.0024613635,"71":0.0164001806,"72":0.0912102488,"73":0.0060645254,"74":0.0184744634,"75":0.0165837001,"76":0.2010388505,"77":0.1611277801,"78":0.1360362194,"79":0.2355826523,"80":0.0167329358,"81":0.1309471612,"82":0.2082440792,"83":0.0380998092,"84":0.0102624018,"85":0.0042605319,"86":0.0093842439,"87":0.0598590419,"88":0.0052156746,"89":0.0030281179,"90":0.0024280823,"91":3.7261199565,"92":0.0050251116,"93":0.0083234514,"94":0.0037091392,"95":0.18466004,"96":0.1024729585,"97":0.2478102943,"98":0.0037231909,"99":0.0026017371}}