{"acc":{"0":0.2708289976,"1":0.2960804717,"2":0.3827956989,"3":0.5320846341,"4":0.6795005203,"5":0.7850156088,"6":0.8568158169,"7":0.8964273326,"8":0.9327783559,"9":0.9479708637,"10":0.9573361082,"11":0.9658688866,"12":0.9742629206,"13":0.9711411724,"14":0.9770378078,"15":0.9825182102,"16":0.9832813042,"17":0.9837669095,"18":0.9788414846,"19":0.9893860562,"20":0.9903572667,"21":0.9886229622,"22":0.9848074922,"23":0.9843218869,"24":0.9922996878,"25":0.9891779396,"26":0.9938258758,"27":0.9878598682,"28":0.9915365938,"29":0.9938258758,"30":0.98855359,"31":0.9950052029,"32":0.98855359,"33":0.993895248,"34":0.9979188346,"35":0.9866111689,"36":0.9914672216,"37":0.9965313909,"38":0.9914672216,"39":0.9959764135,"40":0.9887617066,"41":0.9965313909,"42":0.9947277142,"43":0.9951439473,"44":0.9954908082,"45":0.9966007631,"46":0.9975719736,"47":0.9949358307,"48":0.9953520638,"49":0.9954908082,"50":0.9972944849,"51":0.9873742629,"52":0.9962539022,"53":0.9972251127,"54":0.9957682969,"55":0.996947624,"56":0.996947624,"57":0.994658342,"58":0.9987513007,"59":0.9997225113,"60":1.0,"61":1.0,"62":1.0,"63":0.9932015262,"64":0.9890391953,"65":0.9955601804,"66":0.9934790149,"67":0.9979882067,"68":0.999236906,"69":0.9995837669,"70":0.9988206729,"71":0.9938258758,"72":0.9956989247,"73":0.9985431842,"74":0.9971557406,"75":0.9957682969,"76":0.9976413458,"77":0.9987513007,"78":0.9998612556,"79":0.9988900451,"80":0.993132154,"81":0.9994450225,"82":0.9997918835,"83":0.9993062782,"84":0.994658342,"85":0.9971557405,"86":0.9978494624,"87":0.9955601804,"88":0.999236906,"89":0.9986819285,"90":0.9975719736,"91":0.9990287895,"92":0.9976413458,"93":0.9990981616,"94":0.9989594173,"95":0.9963926465,"96":0.9990287895,"97":0.9983350676,"98":0.9995143947,"99":0.9999306278},"loss":{"0":1.558216498,"1":1.4682603096,"2":1.3355332485,"3":1.0627483063,"4":0.7638862897,"5":0.5370822335,"6":0.3700287642,"7":0.277890278,"8":0.1850106809,"9":0.1431116941,"10":0.1198762871,"11":0.0977383684,"12":0.0728438143,"13":0.0819642457,"14":0.0698152494,"15":0.0512760537,"16":0.0464098714,"17":0.0477835262,"18":0.0590209143,"19":0.0333627334,"20":0.0289805915,"21":0.0348039281,"22":0.0453262627,"23":0.0452890044,"24":0.0234325416,"25":0.0318356212,"26":0.0200531838,"27":0.0344365306,"28":0.0260159703,"29":0.0180475999,"30":0.0317116944,"31":0.0165419233,"32":0.0356381765,"33":0.0221734974,"34":0.0082507488,"35":0.038597485,"36":0.026284951,"37":0.0108673575,"38":0.0273073751,"39":0.0111321435,"40":0.0340460819,"41":0.0102626742,"42":0.0158228363,"43":0.0156967939,"44":0.0156732027,"45":0.0106659502,"46":0.0093229338,"47":0.0173108292,"48":0.014979343,"49":0.0132598036,"50":0.011517031,"51":0.0357780632,"52":0.0121018656,"53":0.0081439084,"54":0.0141804028,"55":0.0097244031,"56":0.009644443,"57":0.0167075891,"58":0.0043149789,"59":0.0014584699,"60":0.0003870479,"61":0.0002637673,"62":0.0002736841,"63":0.0239090232,"64":0.0338136859,"65":0.0149569023,"66":0.0210232976,"67":0.0069907795,"68":0.0024322356,"69":0.0013066955,"70":0.0036659302,"71":0.0181978378,"72":0.013871388,"73":0.004304637,"74":0.0079954449,"75":0.0121149595,"76":0.0079351841,"77":0.0040180881,"78":0.0008778904,"79":0.0049957734,"80":0.0219588881,"81":0.0020353494,"82":0.0009703284,"83":0.0025791613,"84":0.0176587805,"85":0.0075288982,"86":0.006084911,"87":0.0135137738,"88":0.003712314,"89":0.0031330576,"90":0.0069573102,"91":0.0035977826,"92":0.0075142196,"93":0.0044302445,"94":0.003342477,"95":0.0126311814,"96":0.0028847476,"97":0.0056192256,"98":0.0018176977,"99":0.0004848207},"val_acc":{"0":0.2857935627,"1":0.2536071032,"2":0.3740288568,"3":0.5074916758,"4":0.6062708103,"5":0.6700887901,"6":0.6129300778,"7":0.6098779135,"8":0.7031076583,"9":0.7408435072,"10":0.756936737,"11":0.7566592675,"12":0.8715316315,"13":0.88290788,"14":0.928690344,"15":0.8665371808,"16":0.9367369589,"17":0.9636514983,"18":0.9053829079,"19":0.9278579356,"20":0.9597669256,"21":0.9076026636,"22":0.8998335184,"23":0.8781908989,"24":0.9284128745,"25":0.9467258602,"26":0.9877913429,"27":0.9794672585,"28":0.9883462819,"29":0.9578246393,"30":0.9858490566,"31":0.959489456,"32":0.9827968923,"33":0.9750277469,"34":0.9791897891,"35":0.9847391787,"36":0.9861265261,"37":0.994173141,"38":0.9911209767,"39":0.994173141,"40":0.9822419534,"41":0.9927857936,"42":0.9919533851,"43":0.9841842397,"44":0.9961154273,"45":0.9833518313,"46":0.9955604883,"47":0.9836293007,"48":0.9839067703,"49":0.9961154273,"50":0.9950055494,"51":0.9950055494,"52":0.9911209767,"53":0.9816870144,"54":0.9952830189,"55":0.9822419533,"56":0.9894561598,"57":0.9805771364,"58":0.9983351831,"59":0.9988901221,"60":0.999445061,"61":0.999445061,"62":0.9997225305,"63":0.9320199778,"64":0.993618202,"65":0.9800221976,"66":0.9711431742,"67":0.9916759156,"68":0.9958379578,"69":0.9977802442,"70":0.9969478357,"71":0.9741953385,"72":0.9669811321,"73":0.954772475,"74":0.9977802442,"75":0.966426193,"76":0.9955604883,"77":0.9980577137,"78":0.9991675916,"79":0.9741953384,"80":0.9969478357,"81":0.9986126526,"82":0.9991675916,"83":0.994173141,"84":0.9955604883,"85":0.9958379578,"86":0.987236404,"87":0.9950055494,"88":0.9858490566,"89":0.9983351831,"90":0.9980577137,"91":0.9719755827,"92":0.9678135404,"93":0.9947280799,"94":0.9983351831,"95":0.9944506104,"96":0.9988901221,"97":0.9972253052,"98":0.9997225305,"99":0.9991675916},"val_loss":{"0":1.3803686128,"1":1.487689118,"2":1.3503818001,"3":1.2249130352,"4":1.1834023454,"5":0.8848459559,"6":1.3911301067,"7":1.6248239095,"8":1.139421428,"9":0.9131180621,"10":0.8401294589,"11":1.0047297938,"12":0.4198701104,"13":0.4204316016,"14":0.1996502169,"15":0.4313191625,"16":0.2098656083,"17":0.1112717396,"18":0.3849152192,"19":0.2631718879,"20":0.1282843253,"21":0.3332727339,"22":0.4252438618,"23":0.3872263244,"24":0.2564711293,"25":0.1609715281,"26":0.0347426211,"27":0.0598877302,"28":0.0351182782,"29":0.1230583146,"30":0.0419952272,"31":0.1391032314,"32":0.0535690644,"33":0.0740276514,"34":0.0588465601,"35":0.0485230394,"36":0.0369714746,"37":0.0187501718,"38":0.0254868793,"39":0.0174463682,"40":0.0498040436,"41":0.0240527247,"42":0.0234343641,"43":0.0388472421,"44":0.0115886384,"45":0.0494152242,"46":0.0152528045,"47":0.0538009933,"48":0.0525750688,"49":0.0175969454,"50":0.0135921719,"51":0.0156742479,"52":0.0291800118,"53":0.05332397,"54":0.0191131818,"55":0.0539579588,"56":0.0304283799,"57":0.053228648,"58":0.0034318586,"59":0.002631005,"60":0.0013604641,"61":0.0013970813,"62":0.0013783405,"63":0.3023116527,"64":0.0208839911,"65":0.0586661064,"66":0.0889705997,"67":0.0192564619,"68":0.0126152587,"69":0.0078769439,"70":0.0093161334,"71":0.0721904386,"72":0.1195777069,"73":0.1629624778,"74":0.0075309169,"75":0.1667398191,"76":0.0138062599,"77":0.006321179,"78":0.0036249314,"79":0.0963782943,"80":0.0105118012,"81":0.004052048,"82":0.0018130525,"83":0.0146173062,"84":0.0137991572,"85":0.0117640994,"86":0.0382491035,"87":0.0138059759,"88":0.0405521056,"89":0.0040312424,"90":0.0044708132,"91":0.0793734906,"92":0.1327466519,"93":0.0190784173,"94":0.006768319,"95":0.0197116564,"96":0.0028856415,"97":0.0079806801,"98":0.0007464841,"99":0.0027543227}}