{"categorical_accuracy":{"0":0.3526187999,"1":0.5215400625,"2":0.7090530698,"3":0.8239334028,"4":0.882483524,"5":0.9204994797,"6":0.945404093,"7":0.9583766909,"8":0.9697537286,"9":0.9734998267,"10":0.9779396464,"11":0.9790496011,"12":0.981616372,"13":0.9857787027,"14":0.9895941727,"15":0.9894554283,"16":0.9894554285,"17":0.9870967741,"18":0.9905653833,"19":0.9925078043,"20":0.9889004509,"21":0.9920221991,"22":0.994658342,"23":0.9905653833,"24":0.9902878944,"25":0.991536594,"26":0.9902185223,"27":0.990842872,"28":0.993548387,"29":0.9959764135,"30":0.9945195976,"31":0.9945195976,"32":0.9943808532,"33":0.9934096427,"34":0.9943808533,"35":0.9932708984,"36":0.9938258758,"37":0.9929934096,"38":0.9952826916,"39":0.9972944849,"40":0.9950052029,"41":0.996947624,"42":0.9983350676,"43":0.9981963233,"44":0.9977107179,"45":0.9959070412,"46":0.9949358307,"47":0.9921609435,"48":0.9957682969,"49":0.9942421089,"50":0.9970863684,"51":0.996600763,"52":0.9953520638,"53":0.9951439473,"54":0.9966007631,"55":0.9956295525,"56":0.9959070413,"57":0.9952826916,"58":0.9968088796,"59":0.9964620188,"60":0.9980575789,"61":0.9981269511,"62":0.9980575789,"63":0.9971557404,"64":0.9956295525,"65":0.9976413458,"66":0.9960457856,"67":0.9962539022,"68":0.9964620187,"69":0.9964620187,"70":0.9968782518,"71":0.9960457856,"72":0.996947624,"73":0.9976413458,"74":0.9987513007,"75":0.9984044398,"76":0.9972251127,"77":0.9957682969,"78":0.9968088796,"79":0.9972251127,"80":0.9986125564,"81":0.9986125563,"82":0.9973638571,"83":0.9984044398,"84":0.9993756504,"85":0.9988900451,"86":0.998126951,"87":0.9971557405,"88":0.99618453,"89":0.9981963233,"90":0.9970863684,"91":0.9969476239,"92":0.996947624,"93":0.996947624,"94":0.9984044398,"95":0.998473812,"96":0.9987513007,"97":0.9982656955,"98":0.9990981616,"99":0.9989594173},"loss":{"0":0.586248313,"1":0.4625479959,"2":0.3175890055,"3":0.2162997816,"4":0.1509854919,"5":0.1068762547,"6":0.078270287,"7":0.0607377248,"8":0.0445702162,"9":0.0402669495,"10":0.0329907218,"11":0.0320625405,"12":0.0266854462,"13":0.0224125957,"14":0.0178607381,"15":0.0160167138,"16":0.0170945895,"17":0.019558199,"18":0.0141935206,"19":0.0123403244,"20":0.0162997346,"21":0.0121408111,"22":0.0090495967,"23":0.0137975316,"24":0.0141736443,"25":0.0125590398,"26":0.0159778562,"27":0.0149304849,"28":0.0098789325,"29":0.0070343117,"30":0.0083839842,"31":0.0084804038,"32":0.0084728666,"33":0.0113093415,"34":0.0086302043,"35":0.0099782119,"36":0.0100774778,"37":0.0097210393,"38":0.008034741,"39":0.004737789,"40":0.0080437099,"41":0.0063035575,"42":0.0034180481,"43":0.0035833678,"44":0.0037484567,"45":0.0067479264,"46":0.0087527426,"47":0.0115207408,"48":0.0064222923,"49":0.0094733216,"50":0.0055172798,"51":0.0057825113,"52":0.0076149734,"53":0.0070306741,"54":0.0049671836,"55":0.0071717728,"56":0.0069079726,"57":0.0060356523,"58":0.0054606055,"59":0.0061890197,"60":0.0034851595,"61":0.0027302657,"62":0.003421121,"63":0.004451568,"64":0.005913394,"65":0.0036769706,"66":0.0066620654,"67":0.0057588806,"68":0.0057367017,"69":0.0057912337,"70":0.0050242642,"71":0.0058137094,"72":0.0047523048,"73":0.0041512477,"74":0.0019277004,"75":0.0031135505,"76":0.0039380076,"77":0.0069504277,"78":0.0048056047,"79":0.0042316725,"80":0.0022034641,"81":0.0021315927,"82":0.003796604,"83":0.0025736343,"84":0.0010658898,"85":0.0014496662,"86":0.0030217082,"87":0.0040321411,"88":0.0063298692,"89":0.003321516,"90":0.0039759938,"91":0.0052741366,"92":0.0048221744,"93":0.0054178284,"94":0.0027875309,"95":0.0029184828,"96":0.0028450153,"97":0.0030390435,"98":0.0016976963,"99":0.0018439247},"val_categorical_accuracy":{"0":0.3143729189,"1":0.288290788,"2":0.3104883463,"3":0.2905105438,"4":0.5319089901,"5":0.6889567146,"6":0.3346281909,"7":0.6351276359,"8":0.7669256382,"9":0.5529966703,"10":0.6240288567,"11":0.7103218645,"12":0.847946726,"13":0.4858490565,"14":0.3806881243,"15":0.2827413985,"16":0.3834628191,"17":0.6981132074,"18":0.5327413984,"19":0.8571032185,"20":0.288845727,"21":0.3618201999,"22":0.2871809101,"23":0.6145948947,"24":0.6570477246,"25":0.4977802443,"26":0.53718091,"27":0.7475027746,"28":0.8346281908,"29":0.4581021088,"30":0.3224195338,"31":0.7866259712,"32":0.7352941178,"33":0.4619866814,"34":0.4200887902,"35":0.635127636,"36":0.7269700332,"37":0.588790233,"38":0.6764705882,"39":0.8718091009,"40":0.6132075471,"41":0.8290788012,"42":0.8326859046,"43":0.7147613762,"44":0.8809655939,"45":0.6082130964,"46":0.7777469477,"47":0.300499445,"48":0.5108213096,"49":0.7943951164,"50":0.6354051054,"51":0.762763596,"52":0.7097669256,"53":0.7799667037,"54":0.2799667036,"55":0.7613762485,"56":0.6576026636,"57":0.8365704772,"58":0.3928967815,"59":0.6512208658,"60":0.8468368479,"61":0.6301331854,"62":0.6287458379,"63":0.4630965594,"64":0.6814650387,"65":0.3324084351,"66":0.6281908989,"67":0.782463929,"68":0.4847391787,"69":0.2802441731,"70":0.7266925638,"71":0.8179800223,"72":0.5943396228,"73":0.8584905662,"74":0.8862375139,"75":0.9200887904,"76":0.6972807992,"77":0.2891231964,"78":0.5854605994,"79":0.7857935628,"80":0.55327414,"81":0.3723640399,"82":0.3468368479,"83":0.9009433961,"84":0.8768035515,"85":0.576581576,"86":0.6917314095,"87":0.5629855715,"88":0.5890677027,"89":0.557436182,"90":0.8745837957,"91":0.8207547169,"92":0.8806881243,"93":0.749445061,"94":0.3351831299,"95":0.8518312984,"96":0.8310210878,"97":0.8221420645,"98":0.8781908991,"99":0.9669811321},"val_loss":{"0":0.6203216674,"1":1.2722019096,"2":0.8171090466,"3":0.9117393678,"4":0.5473022312,"5":0.3796670452,"6":1.9104279997,"7":0.4831589188,"8":0.2824062971,"9":0.7702719471,"10":0.6052425846,"11":0.4588454018,"12":0.2050833436,"13":1.4709833321,"14":2.0822919831,"15":2.7324019256,"16":2.1149795428,"17":0.5066278453,"18":1.0252438921,"19":0.1895588778,"20":2.2814307036,"21":1.5930192513,"22":2.4061186433,"23":0.5992902475,"24":0.5486583249,"25":0.9474943961,"26":1.4201000631,"27":0.3766988712,"28":0.3209932436,"29":1.1730312102,"30":1.7400141577,"31":0.3518941325,"32":0.4137421066,"33":1.1755431904,"34":1.2539000569,"35":0.6202049351,"36":0.4094777496,"37":0.6380431848,"38":0.6089579253,"39":0.1822648644,"40":0.602353862,"41":0.2235173525,"42":0.2581651161,"43":0.5139836577,"44":0.173289995,"45":0.6863830845,"46":0.3685673713,"47":2.2271486681,"48":0.9751166676,"49":0.298426375,"50":0.6164218815,"51":0.3725927292,"52":0.4443517002,"53":0.4958689326,"54":2.7731911535,"55":0.3759737713,"56":0.6516356681,"57":0.2464563145,"58":1.2810133502,"59":0.538565048,"60":0.229363275,"61":1.0263098537,"62":0.7233711443,"63":1.1448450735,"64":0.7183229323,"65":2.4587550044,"66":0.6927228745,"67":0.3656348254,"68":1.0214295394,"69":2.659664054,"70":0.5006620988,"71":0.259350629,"72":0.7394974203,"73":0.2185471084,"74":0.1732979666,"75":0.1479026591,"76":0.4442138733,"77":2.5575822757,"78":1.4004978976,"79":0.3368083884,"80":0.9125668905,"81":2.2662037829,"82":2.3334086815,"83":0.1819627649,"84":0.2491297846,"85":0.7518923095,"86":0.5990472113,"87":0.694296498,"88":0.8970617884,"89":0.9105911309,"90":0.192578378,"91":0.2812906151,"92":0.1686139419,"93":0.4703880288,"94":1.260895537,"95":0.2234522234,"96":0.2844411446,"97":0.2733929107,"98":0.1762703949,"99":0.0495254579}}