{"acc":{"0":0.3279916754,"1":0.4037460978,"2":0.454942768,"3":0.5254942769,"4":0.58695803,"5":0.6493236212,"6":0.6972597987,"7":0.744224766,"8":0.7797433229,"9":0.8095733612,"10":0.8379465834,"11":0.8599375649,"12":0.8825528962,"13":0.8972597987,"14":0.9105098855,"15":0.922927506,"16":0.9313215401,"17":0.9395768298,"18":0.943461672,"19":0.9507457509,"20":0.9560874089,"21":0.9603884844,"22":0.9605966006,"23":0.9649670481,"24":0.9656607699,"25":0.9700312174,"26":0.9726673603,"27":0.9736385709,"28":0.9737079431,"29":0.9728754771,"30":0.9746791538,"31":0.9802289284,"32":0.9798126952,"33":0.9782865071,"34":0.9805064169,"35":0.982865071,"36":0.9828650712,"37":0.9816163718,"38":0.9819632326,"39":0.983975026,"40":0.9841831427,"41":0.9855705863,"42":0.9841137704,"43":0.9852237252,"44":0.9864030525,"45":0.985917447,"46":0.9872355184,"47":0.987790496,"48":0.9866111688,"49":0.987721124,"50":0.9896635449,"51":0.9891085673,"52":0.9852930974,"53":0.9889698231,"54":0.9893860561,"55":0.9902185223,"56":0.9911897329,"57":0.9904960111,"58":0.9909816163,"59":0.9901491502,"60":0.9907734997,"61":0.9922996877,"62":0.9867499133,"63":0.9889004508,"64":0.9910509884,"65":0.9902185223,"66":0.9900104058,"67":0.9922996878,"68":0.9916753381,"69":0.9915365938,"70":0.9917447103,"71":0.9904266388,"72":0.9891085675,"73":0.9905653833,"74":0.9927159208,"75":0.9916753382,"76":0.9922303156,"77":0.9913978494,"78":0.9919528271,"79":0.9922996878,"80":0.9930627818,"81":0.9924384322,"82":0.9929934096,"83":0.9932015261,"84":0.9944502255,"85":0.993548387,"86":0.9936871315,"87":0.9954214359,"88":0.9939646201,"89":0.9943808533,"90":0.9941033646,"91":0.9929240375,"92":0.9932015262,"93":0.9927852931,"94":0.9955601804,"95":0.9954908083,"96":0.9954908082,"97":0.9929934096,"98":0.9941727369,"99":0.9932708984},"loss":{"0":1.5302260885,"1":1.351825477,"2":1.2296086436,"3":1.0902790818,"4":0.964999811,"5":0.8406721085,"6":0.7346701325,"7":0.6354331446,"8":0.5474922529,"9":0.4745746706,"10":0.4175426774,"11":0.3683383308,"12":0.3070893302,"13":0.2736702699,"14":0.2437327116,"15":0.2115500395,"16":0.1832156995,"17":0.1632917406,"18":0.1598097085,"19":0.1360254936,"20":0.1268000881,"21":0.1155351237,"22":0.111479947,"23":0.0997401871,"24":0.0964923041,"25":0.086014981,"26":0.0792822141,"27":0.0773476324,"28":0.0762219036,"29":0.0789896469,"30":0.0698363457,"31":0.0592738427,"32":0.0562564286,"33":0.0613198523,"34":0.0559888547,"35":0.0490836353,"36":0.0505711977,"37":0.0535484253,"38":0.0487531613,"39":0.0466616617,"40":0.0452183769,"41":0.0417545639,"42":0.046577333,"43":0.0411499539,"44":0.037928724,"45":0.0425732983,"46":0.0389875963,"47":0.0343979989,"48":0.0359818325,"49":0.0367331121,"50":0.0283808685,"51":0.0331355431,"52":0.0406532727,"53":0.0338376986,"54":0.0300335298,"55":0.0264987786,"56":0.0272488527,"57":0.026151075,"58":0.0271529899,"59":0.0288684192,"60":0.0270251505,"61":0.022844328,"62":0.0338851538,"63":0.0295306687,"64":0.0280727967,"65":0.0261595902,"66":0.0279633144,"67":0.0229188524,"68":0.0234072127,"69":0.024937842,"70":0.0231911416,"71":0.0262535815,"72":0.0278886362,"73":0.0265481489,"74":0.0204220398,"75":0.0233102082,"76":0.0228617657,"77":0.0245971422,"78":0.023486848,"79":0.0203290564,"80":0.0202053005,"81":0.0198384595,"82":0.0206441112,"83":0.0197446351,"84":0.0181446045,"85":0.0199952964,"86":0.0175408946,"87":0.0138699353,"88":0.0165426799,"89":0.0158421947,"90":0.0156955532,"91":0.020620564,"92":0.0189710189,"93":0.0194749584,"94":0.0121160146,"95":0.0140936364,"96":0.0139195753,"97":0.0198035533,"98":0.0177601664,"99":0.0185837394},"val_acc":{"0":0.3612652608,"1":0.391509434,"2":0.2502774694,"3":0.3204772475,"4":0.3362930077,"5":0.3490566038,"6":0.3079911209,"7":0.4561598224,"8":0.4306326304,"9":0.4214761376,"10":0.5405105438,"11":0.5804661489,"12":0.5416204218,"13":0.5160932298,"14":0.5274694784,"15":0.5677025529,"16":0.6315205327,"17":0.5582685905,"18":0.5710321865,"19":0.5862930078,"20":0.5785238625,"21":0.6248612652,"22":0.6151498334,"23":0.6875693675,"24":0.7666481686,"25":0.7763596003,"26":0.6961709213,"27":0.7916204216,"28":0.6562153162,"29":0.7980022199,"30":0.7022752497,"31":0.7513873475,"32":0.737791343,"33":0.8063263042,"34":0.7769145395,"35":0.8290788013,"36":0.7727524971,"37":0.782463929,"38":0.7771920087,"39":0.8193673695,"40":0.7400110986,"41":0.8149278581,"42":0.793562708,"43":0.8068812429,"44":0.8390677024,"45":0.7849611542,"46":0.8135405106,"47":0.7469478359,"48":0.8093784685,"49":0.8423973364,"50":0.8362930076,"51":0.8479467258,"52":0.7663706992,"53":0.7613762486,"54":0.826581576,"55":0.8288013317,"56":0.7860710323,"57":0.8226970032,"58":0.6756381797,"59":0.8435072141,"60":0.8265815762,"61":0.8526637071,"62":0.8360155384,"63":0.8748612654,"64":0.8343507216,"65":0.7089345173,"66":0.8473917868,"67":0.789955605,"68":0.8443396226,"69":0.8282463928,"70":0.8923418423,"71":0.8654273031,"72":0.7150388459,"73":0.7894006658,"74":0.8626526081,"75":0.818534961,"76":0.7730299666,"77":0.7913429523,"78":0.8695893451,"79":0.8509988901,"80":0.8562708101,"81":0.871254162,"82":0.8379578245,"83":0.8698668147,"84":0.816037736,"85":0.8343507214,"86":0.870144284,"87":0.8171476136,"88":0.8726415094,"89":0.8335183129,"90":0.8038290789,"91":0.838235294,"92":0.8587680355,"93":0.8765260821,"94":0.8940066593,"95":0.8912319644,"96":0.8546059933,"97":0.8751387347,"98":0.8668146503,"99":0.8790233073},"val_loss":{"0":1.3435828733,"1":1.3446971944,"2":2.1393250899,"3":2.0903263476,"4":2.1917729976,"5":2.3567907379,"6":2.8544796111,"7":1.8840637556,"8":2.1561107098,"9":2.5520318094,"10":1.5162352515,"11":1.3279191398,"12":1.6800457035,"13":1.9378692744,"14":1.9038927902,"15":1.8334789258,"16":1.3411231014,"17":1.917130768,"18":1.9199086154,"19":1.7498650569,"20":1.7713954465,"21":1.6937573985,"22":1.6515343243,"23":1.1308972879,"24":0.8717472633,"25":0.7439339923,"26":1.2391064372,"27":0.7307232498,"28":1.4870928981,"29":0.688834451,"30":1.223663682,"31":0.9335754017,"32":1.0854293236,"33":0.6654743685,"34":0.8627121373,"35":0.6181896492,"36":0.931685265,"37":0.8619667486,"38":0.9105573138,"39":0.708232992,"40":1.0936611515,"41":0.7239823662,"42":0.842315924,"43":0.7751923907,"44":0.5943078804,"45":0.9438794456,"46":0.6923918965,"47":1.0926246079,"48":0.8010670506,"49":0.6017375066,"50":0.6279303869,"51":0.5832519154,"52":0.9807562972,"53":1.0120064339,"54":0.6446068559,"55":0.7015660239,"56":0.9227276306,"57":0.7582309825,"58":1.790293176,"59":0.5941054566,"60":0.7269684176,"61":0.6150613487,"62":0.6401188978,"63":0.4670500856,"64":0.6655043583,"65":1.3600604307,"66":0.6138210247,"67":0.8560778539,"68":0.6292379103,"69":0.6657773102,"70":0.4053374613,"71":0.5449771768,"72":1.4463159937,"73":0.9856774382,"74":0.5427308071,"75":0.7820812549,"76":1.1734204193,"77":0.9858904192,"78":0.5056494556,"79":0.6412300323,"80":0.5915308157,"81":0.5308376128,"82":0.6740075772,"83":0.4817429198,"84":0.8416063768,"85":0.7582264629,"86":0.5160451039,"87":0.7809511408,"88":0.5180213224,"89":0.7103657818,"90":0.9252123773,"91":0.7151625611,"92":0.5640020325,"93":0.5068906594,"94":0.4319983371,"95":0.4473659021,"96":0.6127561703,"97":0.5382996577,"98":0.5385274766,"99":0.4748682664}}